ApplNo,ApplType,SponsorApplicant,MostRecentLabelAvailableFlag,CurrentPatentFlag,ActionType,Chemical_Type,Ther_Potential,Orphan_Code
4,N,PHARMICS,False,False,AP,NULL,NULL,NULL
159,N,LILLY,False,False,AP,NULL,NULL,NULL
552,N,"ORGANON USA INC",False,False,AP,NULL,NULL,NULL
734,N,LILLY,False,False,AP,NULL,NULL,NULL
793,N,"MEDA PHARMS",False,False,AP,NULL,NULL,NULL
1104,N,"ORGANON USA INC",False,False,AP,NULL,NULL,NULL
1546,N,"MERCK SHARP DOHME",False,False,AP,NULL,NULL,NULL
2139,N,LILLY,False,False,AP,NULL,NULL,NULL
2245,N,"PARKE DAVIS",False,False,AP,NULL,NULL,NULL
2282,N,"ISO TEX",False,False,AP,4,S,NULL
2386,N,"GD SEARLE LLC",False,False,AP,5,S,NULL
2918,N,POYTHRESS,False,False,AP,NULL,NULL,NULL
3158,N,SCHERING,False,False,AP,NULL,NULL,NULL
3240,N,NOVARTIS,False,False,AP,NULL,NULL,NULL
3402,N,"PARKE DAVIS",False,False,AP,NULL,NULL,NULL
3444,N,"US PHARM HOLDINGS",False,False,AP,NULL,NULL,NULL
3718,N,ROCHE,False,False,AP,NULL,NULL,NULL
3977,N,PARKEDALE,False,False,AP,NULL,NULL,NULL
4039,N,LILLY,False,False,AP,NULL,NULL,NULL
4040,N,LILLY,False,False,AP,NULL,NULL,NULL
4041,N,LILLY,False,False,AP,NULL,NULL,NULL
4054,N,LEDERLE,False,False,AP,NULL,NULL,NULL
4056,N,"BRISTOL MYERS SQUIBB",False,False,AP,NULL,NULL,NULL
4122,N,LILLY,False,False,AP,5,S,NULL
4125,N,ABBVIE,False,False,AP,NULL,NULL,NULL
4570,N,"PHARMACIA AND UPJOHN",False,False,AP,NULL,NULL,NULL
4589,N,"B BRAUN",False,False,AP,NULL,NULL,NULL
4782,N,"WYETH PHARMS INC",False,False,AP,1,S,NULL
5010,N,"US PHARM HOLDINGS",False,False,AP,1,S,NULL
5151,N,NOVARTIS,False,False,AP,NULL,NULL,NULL
5213,N,"ENDO PHARMS",False,False,AP,1,S,NULL
5264,N,HOSPIRA,False,False,AP,5,S,NULL
5292,N,SCHERING,False,False,AP,NULL,NULL,NULL
5319,N,ALCON,False,False,AP,NULL,NULL,NULL
5378,N,"RECORDATI RARE",False,False,AP,NULL,NULL,NULL
5490,N,"ORGANON USA INC",False,False,AP,NULL,NULL,NULL
5509,N,LILLY,False,False,AP,NULL,NULL,NULL
5521,N,LILLY,False,False,AP,NULL,NULL,NULL
5545,N,ABBVIE,False,False,AP,NULL,NULL,NULL
5619,N,MERCK,False,False,AP,NULL,NULL,NULL
5620,N,MERCK,False,False,AP,NULL,NULL,NULL
5657,N,"BRISTOL MYERS SQUIBB",False,False,AP,1,P,NULL
5691,N,"MEDPOINTE PHARM HLC",False,False,AP,NULL,NULL,NULL
5725,N,LILLY,False,False,AP,NULL,NULL,NULL
5794,N,"ORTHO MCNEIL PHARM",False,False,AP,NULL,NULL,NULL
5795,N,SHIRE,False,False,AP,3,S,NULL
5845,N,"MCNEIL CONS",False,False,AP,1,S,NULL
5856,N,ABBVIE,False,False,AP,NULL,NULL,NULL
5897,N,"WYETH PHARMS INC",False,False,AP,NULL,NULL,NULL
5914,N,NOVARTIS,False,False,AP,1,S,NULL
5929,N,VALEANT,False,False,AP,NULL,NULL,NULL
5932,N,ABBVIE,False,False,AP,5,S,NULL
5939,N,AKORN,False,False,AP,NULL,NULL,NULL
5963,N,SCHERING,False,False,AP,NULL,NULL,NULL
5970,N,"ELKINS SINN",False,False,AP,1,P,V
6002,N,"SANOFI AVENTIS US",False,False,AP,NULL,NULL,NULL
6008,N,NOVARTIS,False,False,AP,NULL,NULL,NULL
6012,N,LEDERLE,False,False,AP,NULL,NULL,NULL
6035,N,"EDISON THERAPS LLC",False,False,AP,NULL,NULL,NULL
6044,N,ABBVIE,False,False,AP,NULL,NULL,NULL
6071,N,ROCHE,False,False,AP,NULL,NULL,NULL
6095,N,HOSPIRA,False,False,AP,5,S,NULL
6110,N,"ORTHO MCNEIL PHARM",False,False,AP,NULL,NULL,NULL
6134,N,ROXANE,False,False,AP,NULL,NULL,NULL
6135,N,LILLY,False,False,AP,NULL,NULL,NULL
6146,N,"MCNEIL CONS",False,False,AP,3,S,NULL
6170,N,"B BRAUN",False,False,AP,5,S,NULL
6188,N,"DAVA PHARMS INC",False,False,AP,NULL,NULL,NULL
6203,N,NOVARTIS,False,False,AP,1,P,NULL
6213,N,LILLY,False,False,AP,NULL,NULL,NULL
6270,N,ARBROOK,False,False,AP,NULL,NULL,NULL
6309,N,"REED AND CARNRICK",False,False,AP,NULL,NULL,NULL
6317,N,LILLY,False,False,AP,NULL,NULL,NULL
6325,N,LILLY,False,False,AP,5,S,NULL
6327,N,"SANOFI AVENTIS US",False,False,AP,1,P,NULL
6328,N,"SANOFI AVENTIS US",False,False,AP,NULL,NULL,NULL
6333,N,"CENT PHARMS",False,False,AP,NULL,NULL,NULL
6343,N,"BAXTER HLTHCARE",False,False,AP,5,S,NULL
6383,N,MALLINCKRODT,False,False,AP,NULL,NULL,NULL
6403,N,NOVARTIS,False,False,AP,NULL,NULL,NULL
6412,N,"SANOFI AVENTIS US",False,False,AP,1,S,NULL
6441,N,"PARKE DAVIS",False,False,AP,NULL,NULL,NULL
6459,N,LEDERLE,False,False,AP,NULL,NULL,NULL
6460,N,LILLY,False,False,AP,5,S,NULL
6470,N,LILLY,False,False,AP,5,S,NULL
6488,N,"FRESENIUS KABI USA",False,False,AP,NULL,NULL,NULL
6514,N,"PARKE DAVIS",False,False,AP,3,S,NULL
6525,N,ROCHE,False,False,AP,NULL,NULL,NULL
6530,N,"MEDA PHARMS",False,False,AP,NULL,NULL,NULL
6536,N,"ODYSSEY PHARMS",False,False,AP,NULL,NULL,NULL
6580,N,MCGAW,False,False,AP,5,S,NULL
6620,N,NOVARTIS,False,False,AP,NULL,NULL,NULL
6632,N,LILLY,False,False,AP,1,S,NULL
6668,N,MERCK,False,False,AP,NULL,NULL,NULL
6695,N,"RECORDATI RARE",False,False,AP,1,P,NULL
6772,N,GLAXOSMITHKLINE,False,False,AP,NULL,NULL,NULL
6773,N,LEDERLE,False,False,AP,NULL,NULL,NULL
6798,N,"PHARMACIA AND UPJOHN",False,False,AP,NULL,NULL,NULL
6799,N,"BRISTOL MYERS SQUIBB",False,False,AP,5,S,NULL
6800,N,ABBVIE,False,False,AP,NULL,NULL,NULL
6811,N,PANRAY,False,False,AP,NULL,NULL,NULL
6823,N,HOSPIRA,False,False,AP,NULL,NULL,NULL
6882,N,"SANOFI AVENTIS US",False,False,AP,NULL,NULL,NULL
6904,N,"BRISTOL MYERS SQUIBB",False,False,AP,1,P,NULL
6905,N,ABBVIE,False,False,AP,3,S,NULL
6917,N,ROCHE,False,False,AP,NULL,NULL,NULL
6920,N,LEDERLE,False,False,AP,5,S,NULL
6921,N,SCHERING,False,False,AP,NULL,NULL,NULL
6927,N,RANBAXY,False,False,AP,NULL,NULL,NULL
6931,N,GLAXOSMITHKLINE,False,False,AP,NULL,NULL,NULL
7012,N,"BAYER HLTHCARE",False,False,AP,NULL,NULL,NULL
7073,N,"PHARMACIA AND UPJOHN",False,False,AP,1,P,NULL
7085,N,"WARNER CHILCOTT",False,False,AP,NULL,NULL,NULL
7110,N,MERCK,False,False,AP,1,P,NULL
7245,N,LILLY,False,False,AP,4,S,NULL
7320,N,"CONSOLIDATED MIDLAND",False,False,AP,5,S,NULL
7335,N,APOTHECON,False,False,AP,1,P,NULL
7336,N,3M,False,False,AP,2,P,NULL
7337,N,"ENDO PHARMS",False,False,AP,4,S,NULL
7390,N,SHIRE,False,False,AP,1,S,NULL
7392,N,LILLY,False,False,AP,2,S,NULL
7409,N,"FOREST LABS INC",False,False,AP,1,S,NULL
7413,N,"PHARMACIA AND UPJOHN",False,False,AP,5,S,NULL
7504,N,"SANOFI AVENTIS US",False,False,AP,1,P,NULL
7513,N,HOSPIRA,False,False,AP,1,P,NULL
7517,N,"KING PHARMS",False,False,AP,1,P,NULL
7529,N,LILLY,False,False,AP,2,P,NULL
7600,N,PARKEDALE,False,False,AP,1,S,NULL
7638,N,"BAYER HEALTHCARE LLC",False,False,AP,3,S,NULL
7707,N,ABBVIE,False,False,AP,1,P,NULL
7750,N,MERCK,False,False,AP,3,S,NULL
7757,N,ROCHE,False,False,AP,5,S,NULL
7794,N,TEVA,False,False,AP,1,S,NULL
7842,N,"DAVIS AND GECK",False,False,AP,1,P,NULL
7865,N,LILLY,False,False,AP,3,S,NULL
7883,N,"TEVA WOMENS",False,False,AP,1,P,NULL
7898,N,MERCK,False,False,AP,1,P,NULL
7935,N,"DELCOR ASSET CORP",False,False,AP,3,S,NULL
7936,N,CHATTEM,False,False,AP,3,S,NULL
7942,N,"FOREST LABS",False,False,AP,5,S,NULL
7953,N,ALLERGAN,False,False,AP,4,S,NULL
7959,N,"TELIGENT PHARMA INC",False,False,AP,1,P,NULL
7961,N,"APTALIS PHARMA US",False,False,AP,3,S,NULL
7984,N,"PARKE DAVIS",False,False,AP,1,S,NULL
8032,N,"GE HEALTHCARE",False,False,AP,1,P,NULL
8041,N,"PARKE DAVIS",False,False,AP,1,P,NULL
8048,N,ASTRAZENECA,False,False,AP,2,S,NULL
8085,N,"DAVA PHARMS INC",False,False,AP,1,P,NULL
8102,N,"SANOFI AVENTIS US",False,False,AP,1,S,NULL
8107,N,HOSPIRA,False,False,AP,1,P,V
8114,N,SCHERING,False,False,AP,1,S,NULL
8126,N,"PHARMACIA AND UPJOHN",False,False,AP,5,S,NULL
8173,N,"VALEANT PHARM INTL",False,False,AP,1,P,NULL
8228,N,MERCK,False,False,AP,2,S,NULL
8248,N,"BAXTER HLTHCARE CORP",False,False,AP,3,S,NULL
8278,N,NOVARTIS,False,False,AP,1,P,NULL
8284,N,PANRAY,False,False,AP,5,S,NULL
8303,N,NOVARTIS,False,False,AP,1,P,NULL
8306,N,"ANI PHARMS",False,False,AP,4,S,NULL
8316,N,"SANOFI AVENTIS US",False,False,AP,5,S,NULL
8317,N,PARKEDALE,False,False,AP,5,S,NULL
8319,N,NOVARTIS,False,False,AP,14,S,NULL
8322,N,ABBVIE,False,False,AP,1,S,NULL
8370,N,"FOREST LABS INC",False,False,AP,3,S,NULL
8372,N,"MALLINCKRODT ARD",False,False,AP,5,S,NULL
8378,N,"INTL MINERALS",False,False,AP,NULL,NULL,NULL
8381,N,"ANI PHARMS",False,False,AP,2,S,NULL
8392,N,"BRISTOL MYERS SQUIBB",False,False,AP,5,S,NULL
8402,N,"SANOFI AVENTIS US",False,False,AP,NULL,NULL,NULL
8414,N,ROCHE,False,False,AP,2,S,NULL
8420,N,ROCHE,False,False,AP,5,S,NULL
8428,N,PANRAY,False,False,AP,5,S,NULL
8453,N,SANDOZ,False,False,AP,1,P,NULL
8472,N,MERCK,False,False,AP,3,S,NULL
8492,N,NOVARTIS,False,False,AP,1,S,NULL
8499,N,LILLY,False,False,AP,5,S,NULL
8506,N,MERCK,False,False,AP,24,P,NULL
8565,N,"WYETH AYERST",False,False,AP,1,S,NULL
8578,N,"TURING PHARMS AG",False,False,AP,1,P,NULL
8592,N,"EASTMAN KODAK",False,False,AP,14,S,NULL
8604,N,"ANI PHARMS",False,False,AP,4,S,NULL
8662,N,SANDOZ,False,False,AP,3,S,NULL
8678,N,SANDOZ,False,False,AP,5,S,NULL
8682,N,"SANOFI AVENTIS US",False,False,AP,1,P,NULL
8693,N,"PROCTER AND GAMBLE",False,False,AP,1,P,NULL
8697,N,"PHARMACIA AND UPJOHN",False,False,AP,5,S,NULL
8708,N,"CONCORDIA PHARMS INC",False,False,AP,1,P,NULL
8719,N,"VALEANT PHARM INTL",False,False,AP,3,P,NULL
8720,N,"VALEANT PHARM INTL",False,False,AP,3,P,NULL
8732,N,SHIRE,False,False,AP,1,S,NULL
8762,N,"PARKE DAVIS",False,False,AP,2,S,NULL
8767,N,"SANOFI AVENTIS US",False,False,AP,5,S,NULL
8794,N,"SCHERING PLOUGH",False,False,AP,5,S,NULL
8809,N,HOSPIRA,False,False,AP,4,S,NULL
8814,N,"MEDPOINTE PHARM HLC",False,False,AP,1,S,NULL
8816,N,"OAK PHARMS",False,False,AP,3,S,NULL
8822,N,NOVARTIS,False,False,AP,2,S,NULL
8826,N,"SCHERING PLOUGH",False,False,AP,5,S,NULL
8842,N,APOTHECON,False,False,AP,1,S,NULL
8843,N,"GD SEARLE LLC",False,False,AP,3,S,NULL
8845,N,HOSPIRA,False,False,AP,5,S,NULL
8847,N,APOTHECON,False,False,AP,5,S,NULL
8848,N,"FOUGERA PHARMS",False,False,AP,1,S,NULL
8855,N,"PARKE DAVIS",False,False,AP,1,P,NULL
8857,N,"WYETH AYERST",False,False,AP,3,S,NULL
8867,N,3M,False,False,AP,2,S,NULL
8869,N,LILLY,False,False,AP,14,S,NULL
8883,N,APOTHECON,False,False,AP,1,S,NULL
8915,N,"ORTHO MCNEIL PHARM",False,False,AP,1,S,NULL
8917,N,"PHARMACIA AND UPJOHN",False,False,AP,5,S,NULL
8922,N,MEDICIS,False,False,AP,1,P,NULL
8943,N,"TEVA BRANDED PHARM",False,False,AP,1,P,NULL
8951,N,LILLY,False,False,AP,1,S,NULL
8955,N,MCNEIL,False,False,AP,1,S,NULL
8975,N,"ANI PHARMS",False,False,AP,5,S,NULL
8983,N,ROCHE,False,False,AP,1,P,NULL
9000,N,NOVARTIS,False,False,AP,4,P,NULL
9008,N,"ORTHO MCNEIL PHARM",False,False,AP,4,S,NULL
9018,N,MERCK,False,False,AP,3,S,NULL
9048,N,"VALEANT PHARM INTL",False,False,AP,1,P,NULL
9052,N,"BRISTOL MYERS SQUIBB",False,False,AP,3,S,NULL
9053,N,"STASON PHARMS",False,False,AP,1,P,NULL
9078,N,"PARKE DAVIS",False,False,AP,1,S,NULL
9087,N,NOVARTIS,False,False,AP,1,S,NULL
9088,N,TEVA,False,False,AP,3,S,NULL
9102,N,GLAXOSMITHKLINE,False,False,AP,2,P,NULL
9108,N,"PAL PAK",False,False,AP,5,S,NULL
9112,N,RANBAXY,False,False,AP,3,S,NULL
9115,N,NOVARTIS,False,False,AP,2,P,NULL
9127,N,PFIZER,False,False,AP,5,S,NULL
9149,N,GLAXOSMITHKLINE,False,False,AP,1,P,NULL
9164,N,PFIZER,False,False,AP,5,S,NULL
9165,N,"ENDO PHARMS",False,False,AP,2,P,NULL
9166,N,"SANOFI AVENTIS US",False,False,AP,3,S,NULL
9170,N,VALEANT,False,False,AP,1,P,NULL
9175,N,"CASPER PHARMA LLC",False,False,AP,3,S,NULL
9176,N,"PFIZER GLOBAL",False,False,AP,3,S,NULL
9182,N,ROCHE,False,False,AP,2,S,NULL
9190,N,GUERBET,False,False,AP,1,P,NULL
9193,N,MERCK,False,False,AP,1,P,NULL
9215,N,NOVARTIS,False,False,AP,5,S,NULL
9217,N,"MEDPOINTE PHARM HLC",False,False,AP,2,S,NULL
9218,N,"BRISTOL MYERS SQUIBB",False,False,AP,1,S,NULL
9238,N,LILLY,False,False,AP,5,S,NULL
9255,N,"FOREST PHARMS",False,False,AP,5,S,NULL
9268,N,"PARKE DAVIS",False,False,AP,1,S,NULL
9273,N,"IMPAX LABS",False,False,AP,5,S,NULL
9276,N,"BOWMAN PHARMS",False,False,AP,5,S,NULL
9278,N,PANRAY,False,False,AP,NULL,NULL,NULL
9282,N,NOVARTIS,False,False,AP,1,S,NULL
9296,N,NOVARTIS,False,False,AP,4,S,NULL
9309,N,GLAXOSMITHKLINE,False,False,AP,1,P,NULL
9319,N,"FOREST LABS",False,False,AP,4,S,NULL
9321,N,BRACCO,False,False,AP,5,S,NULL
9330,N,"COVIS PHARMA SARL",False,False,AP,NULL,NULL,NULL
9344,N,LILLY,False,False,AP,1,P,NULL
9357,N,"BRISTOL MYERS SQUIBB",False,False,AP,5,S,NULL
9372,N,"WYETH AYERST",False,False,AP,1,P,NULL
9376,N,LILLY,False,False,AP,5,S,NULL
9378,N,"PHARMACIA AND UPJOHN",False,False,AP,5,S,NULL
9386,N,"ASPEN GLOBAL",False,False,AP,1,P,NULL
9388,N,"TEVA WOMENS",False,False,AP,3,S,NULL
9391,N,PANRAY,False,False,AP,5,S,NULL
9395,N,GLENWOOD,False,False,AP,2,S,NULL
9402,N,"PAR STERILE PRODUCTS",False,False,AP,NULL,NULL,NULL
9410,N,"SANOFI AVENTIS US",False,False,AP,1,S,NULL
9434,N,NOVARTIS,False,False,AP,3,S,NULL
9435,N,"FRESENIUS KABI USA",False,False,AP,1,P,NULL
9436,N,NOVARTIS,False,False,AP,2,S,NULL
9452,N,BLULINE,False,False,AP,5,S,NULL
9453,N,VALE,False,False,AP,5,S,NULL
9458,N,"IMPAX LABS",False,False,AP,5,S,NULL
9470,N,"FRESENIUS KABI USA",False,False,AP,3,P,NULL
9477,N,BUNDY,False,False,AP,5,S,NULL
9486,N,"MCNEIL CONS",False,False,AP,3,S,NULL
9489,N,LEDERLE,False,False,AP,1,S,NULL
9495,N,GLAXOSMITHKLINE,False,False,AP,2,S,NULL
9509,N,MERCK,False,False,AP,3,P,NULL
9519,N,"SANOFI AVENTIS US",False,False,AP,1,P,NULL
9561,N,"GE HEALTHCARE",False,False,AP,1,P,NULL
9585,N,"BAYER PHARMS",False,False,AP,5,S,NULL
9627,N,"IMPAX LABS",False,False,AP,5,S,NULL
9631,N,"BOWMAN PHARMS",False,False,AP,5,S,NULL
9637,N,AKORN,False,False,AP,5,S,NULL
9645,N,VITARINE,False,False,AP,5,S,NULL
9659,N,PANRAY,False,False,AP,5,S,NULL
9660,N,ROCHE,False,False,AP,1,S,NULL
9663,N,BUNDY,False,False,AP,5,S,NULL
9667,N,"VALEANT PHARM INTL",False,False,AP,5,S,NULL
9668,N,"VALEANT PHARM INTL",False,False,AP,5,S,NULL
9698,N,"MEDPOINTE PHARM HLC",False,False,AP,5,S,NULL
9729,N,LEDERLE,False,False,AP,NULL,NULL,NULL
9750,N,DISTA,False,False,AP,1,S,NULL
9766,N,SCHERING,False,False,AP,1,P,NULL
9768,N,"CONCORDIA PHARMS INC",False,False,AP,1,S,NULL
9789,N,"MEDPOINTE PHARM HLC",False,False,AP,1,S,NULL
9796,N,PFIPHARMECS,False,False,AP,5,S,NULL
9818,N,"MONARCH PHARMS",False,False,AP,1,S,NULL
9829,N,"VALEANT PHARMS LLC",False,False,AP,1,S,NULL
9830,N,"VALEANT PHARM INTL",False,False,AP,3,S,NULL
9838,N,SANDOZ,False,False,AP,NULL,NULL,NULL
9854,N,"ANI PHARMS",False,False,AP,2,P,NULL
9859,N,"CYCLE PHARMS LTD",False,False,AP,5,S,NULL
9864,N,"PHARMACIA AND UPJOHN",False,False,AP,5,S,NULL
9866,N,"PHARMACIA AND UPJOHN",False,False,AP,2,S,NULL
9895,N,"BAYER PHARMS",False,False,AP,5,S,NULL
9900,N,"PHARMACIA AND UPJOHN",False,False,AP,3,S,NULL
9925,N,ASTRAZENECA,False,False,AP,1,S,NULL
9926,N,"FERNDALE LABS",False,False,AP,5,S,NULL
9986,N,"PHARMACIA AND UPJOHN",False,False,AP,5,S,NULL
9987,N,"PHARMACIA AND UPJOHN",False,False,AP,1,S,NULL
9996,N,PFIZER,False,False,AP,5,S,NULL
10010,N,"BAYER PHARMS",False,False,AP,2,S,NULL
10012,N,LILLY,False,False,AP,5,S,NULL
10021,N,ABBVIE,False,False,AP,5,S,NULL
10028,N,"WYETH AYERST",False,False,AP,1,P,NULL
10040,N,BRACCO,False,False,AP,24,S,NULL
10060,N,"CASPER PHARMA LLC",False,False,AP,3,S,NULL
10093,N,"UCB INC",False,False,AP,2,S,NULL
10104,N,"VALEANT PHARMS",False,False,AP,3,P,NULL
10124,N,LANNETT,False,False,AP,5,S,NULL
10151,N,"PARKE DAVIS",False,False,AP,3,S,NULL
10155,N,"SANOFI AVENTIS US",False,False,AP,1,S,NULL
10187,N,NOVARTIS,False,False,AP,3,S,NULL
10209,N,SCHERING,False,False,AP,3,S,NULL
10210,N,SCHERING,False,False,AP,4,S,NULL
10220,N,"GE HEALTHCARE",False,False,AP,5,S,NULL
10251,N,TARGACEPT,False,False,AP,1,P,NULL
10255,N,SCHERING,False,False,AP,3,S,NULL
10347,N,"BRISTOL MYERS SQUIBB",False,False,AP,1,S,NULL
10348,N,"WYETH AYERST",False,False,AP,3,S,NULL
10349,N,"BAXTER HLTHCARE CORP",False,False,AP,1,S,NULL
10355,N,ROCHE,False,False,AP,1,S,NULL
10374,N,3M,False,False,AP,NULL,NULL,NULL
10375,N,3M,False,False,AP,2,S,NULL
10379,N,"KING PHARMS R AND D",False,False,AP,1,P,NULL
10392,N,PFIZER,False,False,AP,1,S,NULL
10401,N,"NURO PHARMA",False,False,AP,3,S,NULL
10402,N,"WYETH PHARMS INC",False,False,AP,3,S,NULL
10417,N,"FRESENIUS KABI USA",False,False,AP,3,P,NULL
10418,N,ASTRAZENECA,False,False,AP,5,S,NULL
10423,N,ROCHE,False,False,AP,1,S,NULL
10441,N,EVERYLIFE,False,False,AP,5,S,NULL
10460,N,"BOEHRINGER INGELHEIM",False,False,AP,1,P,NULL
10485,N,ROERIG,False,False,AP,3,S,NULL
10496,N,ASTRAZENECA,False,False,AP,4,S,NULL
10515,N,HOSPIRA,False,False,AP,3,P,NULL
10520,N,MERCK,False,False,AP,2,S,NULL
10533,N,NOVARTIS,False,False,AP,5,S,NULL
10554,N,PFIZER,False,False,AP,1,S,NULL
10562,N,MERCK,False,False,AP,2,S,NULL
10571,N,GLAXOSMITHKLINE,False,False,AP,1,P,NULL
10581,N,"PHYS PRODS VA",False,False,AP,5,S,NULL
10585,N,MERCK,False,False,AP,1,S,NULL
10596,N,"PARKE DAVIS",False,False,AP,1,P,NULL
10598,N,"SANOFI AVENTIS US",False,False,AP,4,S,NULL
10599,N,ABBVIE,False,False,AP,1,S,NULL
10611,N,"PHARMACIA AND UPJOHN",False,False,AP,1,P,NULL
10653,N,3M,False,False,AP,1,S,NULL
10656,N,MERCK,False,False,AP,3,S,NULL
10669,N,"ASPEN GLOBAL INC",False,False,AP,1,P,NULL
10670,N,"PHARMACIA AND UPJOHN",False,False,AP,1,P,NULL
10679,N,"SANOFI AVENTIS US",False,False,AP,1,S,NULL
10686,N,PFIZER,False,False,AP,5,S,NULL
10718,N,"REED AND CARNRICK",False,False,AP,3,P,NULL
10721,N,"CASPER PHARMA LLC",False,False,AP,NULL,S,NULL
10742,N,GLAXOSMITHKLINE,False,False,AP,2,S,NULL
10744,N,GLAXOSMITHKLINE,False,False,AP,3,S,NULL
10753,N,"WYETH AYERST",False,False,AP,1,S,NULL
10775,N,SCHERING,False,False,AP,1,S,NULL
10787,N,"SANOFI AVENTIS US",False,False,AP,2,P,NULL
10791,N,"BEL MAR",False,False,AP,5,S,NULL
10796,N,ABBVIE,False,False,AP,1,S,NULL
10799,N,"WYETH CONS",False,False,AP,5,S,NULL
10831,N,"ORGANICS LAGRANGE",False,False,AP,3,S,NULL
10841,N,"RECORDATI RARE",False,False,AP,1,P,NULL
10895,N,"PARKE DAVIS",False,False,AP,1,P,NULL
10909,N,SCHERING,False,False,AP,1,S,NULL
10911,N,"STUART PHARMS",False,False,AP,4,S,NULL
10926,N,"DELCOR ASSET CORP",False,False,AP,3,S,NULL
10927,N,BRACCO,False,False,AP,5,S,NULL
10929,N,BRACCO,False,False,AP,5,S,NULL
10942,N,"WYETH AYERST",False,False,AP,3,S,NULL
10962,N,"PARKE DAVIS",False,False,AP,5,S,NULL
10971,N,"WYETH AYERST",False,False,AP,4,S,NULL
10976,N,"GD SEARLE LLC",False,False,AP,14,S,NULL
10996,N,"XANODYNE PHARM",False,False,AP,4,P,NULL
10997,N,"XANODYNE PHARM",False,False,AP,1,P,NULL
11000,N,GLAXOSMITHKLINE,False,False,AP,3,S,NULL
11011,N,"AUXILIUM PHARMS LLC",False,False,AP,1,S,NULL
11028,N,MERCK,False,False,AP,3,S,NULL
11045,N,"MEDPOINTE PHARM HLC",False,False,AP,5,S,NULL
11047,N,"PHARMACIA AND UPJOHN",False,False,AP,1,S,NULL
11073,N,"MEDPOINTE PHARM HLC",False,False,AP,4,S,NULL
11110,N,GLAXOSMITHKLINE,False,False,AP,1,S,NULL
11111,N,PFIZER,False,False,AP,3,S,NULL
11120,N,GLAXOSMITHKLINE,False,False,AP,3,S,NULL
11123,N,"BRISTOL MYERS SQUIBB",False,False,AP,1,S,NULL
11127,N,GLAXOSMITHKLINE,False,False,AP,2,S,NULL
11145,N,"OAK PHARMS AKORN",False,False,AP,1,P,NULL
11153,N,"PHARMACIA AND UPJOHN",False,False,AP,1,S,NULL
11161,N,ASTELLAS,False,False,AP,1,P,NULL
11178,N,"SANOFI AVENTIS US",False,False,AP,5,S,NULL
11185,N,"IVAX SUB TEVA PHARMS",False,False,AP,5,S,NULL
11188,N,GLAXOSMITHKLINE,False,False,AP,2,S,NULL
11208,N,"ARMOUR PHARM",False,False,AP,5,S,NULL
11210,N,PFIZER,False,False,AP,1,S,NULL
11213,N,SCHERING,False,False,AP,3,S,NULL
11228,N,"ORGANON USA INC",False,False,AP,5,S,NULL
11245,N,BRACCO,False,False,AP,3,S,NULL
11265,N,"ANI PHARMS",False,False,AP,4,S,NULL
11270,N,SHIRE,False,False,AP,3,S,NULL
11276,N,GLAXOSMITHKLINE,False,False,AP,3,S,NULL
11283,N,"DELCOR ASSET CORP",False,False,AP,5,S,NULL
11284,N,"MEDPOINTE PHARM HLC",False,False,AP,3,S,NULL
11287,N,"CONCORDIA PHARMS INC",False,False,AP,1,P,NULL
11294,N,SCHERING,False,False,AP,3,S,NULL
11300,N,"ORTHO MCNEIL PHARM",False,False,AP,1,S,NULL
11316,N,"ALLERGAN HERBERT",False,False,AP,1,S,NULL
11323,N,SHIRE,False,False,AP,4,S,NULL
11324,N,BRACCO,False,False,AP,5,S,NULL
11325,N,APOTHECON,False,False,AP,3,S,NULL
11338,N,"WYETH AYERST",False,False,AP,1,P,NULL
11340,N,"PHARM RES ASSOC",False,False,AP,1,S,NULL
11359,N,"BRISTOL MYERS SQUIBB",False,False,AP,5,S,NULL
11361,N,SCHERING,False,False,AP,3,S,NULL
11366,N,TARO,False,False,AP,1,S,NULL
11386,N,"GE HEALTHCARE",False,False,AP,3,S,NULL
11418,N,"WYETH AYERST",False,False,AP,3,S,NULL
11444,N,"SANOFI AVENTIS US",False,False,AP,4,S,NULL
11446,N,PFIZER,False,False,AP,5,S,NULL
11459,N,PFIZER,False,False,AP,2,S,NULL
11467,N,"SANOFI AVENTIS US",False,False,AP,1,S,NULL
11483,N,"SUN PHARM INDS",False,False,AP,4,S,NULL
11491,N,APOTHECON,False,False,AP,4,S,NULL
11496,N,GLAXOSMITHKLINE,False,False,AP,3,S,NULL
11521,N,"IVAX SUB TEVA PHARMS",False,False,AP,5,S,NULL
11522,N,"TEVA WOMENS",False,False,AP,24,S,NULL
11525,N,AKORN,False,False,AP,1,P,NULL
11529,N,"JANSSEN R AND D",False,False,AP,4,S,NULL
11552,N,GLAXOSMITHKLINE,False,False,AP,1,S,NULL
11556,N,NOVARTIS,False,False,AP,1,S,NULL
11557,N,SCHERING,False,False,AP,3,S,NULL
11559,N,"PAR STERILE PRODUCTS",False,False,AP,1,S,NULL
11583,N,MERCK,False,False,AP,4,S,NULL
11600,N,"DELCOR ASSET CORP",False,False,AP,3,S,NULL
11601,N,"DELCOR ASSET CORP",False,False,AP,3,S,NULL
11602,N,"DELCOR ASSET CORP",False,False,AP,2,S,NULL
11612,N,PFIZER,False,False,AP,1,S,NULL
11613,N,"UCB INC",False,False,AP,1,P,NULL
11620,N,BRACCO,False,False,AP,5,S,NULL
11635,N,MERCK,False,False,AP,4,S,NULL
11641,N,PFIZER,False,False,AP,1,P,NULL
11642,N,"PHARM RES ASSOC",False,False,AP,2,S,NULL
11657,N,"FOREST LABS",False,False,AP,1,S,NULL
11664,N,MERCK,False,False,AP,1,P,NULL
11665,N,"VALEANT PHARMS LLC",False,False,AP,3,S,NULL
11673,N,3M,False,False,AP,5,S,NULL
11679,N,ABBOTT,False,False,AP,1,P,NULL
11683,N,IMMUNEX,False,False,AP,1,P,NULL
11685,N,SANDOZ,False,False,AP,2,S,NULL
11689,N,"DELCOR ASSET CORP",False,False,AP,5,S,NULL
11695,N,"PHARM RES ASSOC",False,False,AP,NULL,NULL,NULL
11702,N,CARACO,False,False,AP,4,S,NULL
11707,N,"ENDO PHARMS",False,False,AP,3,S,V
11719,N,HOSPIRA,False,False,AP,2,S,V
11721,N,LEDERLE,False,False,AP,3,S,NULL
11722,N,"ACTAVIS LABS UT INC",False,False,AP,1,P,NULL
11730,N,"EUROHLTH INTL SARL",False,False,AP,4,P,NULL
11738,N,"ENDO PHARMS",False,False,AP,3,S,V
11745,N,ROCHE,False,False,AP,5,S,NULL
11748,N,"PHARMACIA AND UPJOHN",False,False,AP,3,S,NULL
11751,N,APOTHECON,False,False,AP,5,S,NULL
11752,N,"BOEHRINGER INGELHEIM",False,False,AP,3,S,NULL
11757,N,"PHARMACIA AND UPJOHN",False,False,AP,2,S,NULL
11771,N,"PHARM RES ASSOC",False,False,AP,2,S,NULL
11777,N,MALLINCKRODT,False,False,AP,5,S,NULL
11790,N,"EUROHLTH INTL SARL",False,False,AP,3,S,NULL
11792,N,"MEDA PHARMS",False,False,AP,1,S,NULL
11793,N,NOVARTIS,False,False,AP,1,S,NULL
11795,N,PFIZER,False,False,AP,3,S,NULL
11808,N,NOVARTIS,False,False,AP,1,P,NULL
11814,N,SCHERING,False,False,AP,1,S,NULL
11835,N,MERCK,False,False,AP,5,S,NULL
11836,N,"SANOFI AVENTIS US",False,False,AP,1,P,NULL
11837,N,"SOLA BARNES HIND",False,False,AP,3,S,NULL
11838,N,NOVARTIS,False,False,AP,3,S,NULL
11839,N,"PHARMACIA AND UPJOHN",False,False,AP,1,S,NULL
11856,N,"PHARMACIA AND UPJOHN",False,False,AP,2,S,NULL
11860,N,MERCK,False,False,AP,1,S,NULL
11870,N,"SALIX PHARMS",False,False,AP,3,S,NULL
11878,N,NOVARTIS,False,False,AP,4,S,NULL
11891,N,"ORGANON USA INC",False,False,AP,1,S,NULL
11903,N,ALCON,False,False,AP,5,S,NULL
11909,N,"PARKE DAVIS",False,False,AP,1,S,NULL
11914,N,"CHESEBROUGH PONDS",False,False,AP,14,S,NULL
11945,N,GLAXOSMITHKLINE,False,False,AP,3,S,NULL
11949,N,"SHIRE LLC",False,False,AP,1,S,NULL
11950,N,"WESTWOOD SQUIBB",False,False,AP,1,S,NULL
11958,N,MERCK,False,False,AP,5,S,NULL
11960,N,ASTELLAS,False,False,AP,3,S,NULL
11961,N,"VALIDUS PHARMS INC",False,False,AP,1,S,NULL
11963,N,"WYETH PHARMS INC",False,False,AP,1,S,NULL
11964,N,"PARKE DAVIS",False,False,AP,2,S,NULL
11971,N,ABBVIE,False,False,AP,5,S,NULL
11977,N,MERCK,False,False,AP,3,S,NULL
11983,N,MERCK,False,False,AP,3,S,NULL
11984,N,MERCK,False,False,AP,3,S,NULL
12003,N,ABBVIE,False,False,AP,1,S,NULL
12015,N,"OAK PHARMS AKORN",False,False,AP,3,S,NULL
12026,N,NOVARTIS,False,False,AP,4,S,NULL
12034,N,SCHERING,False,False,AP,1,S,NULL
12041,N,APOTHECON,False,False,AP,3,S,NULL
12052,N,MERCK,False,False,AP,3,S,NULL
12071,N,MERCK,False,False,AP,3,S,NULL
12093,N,"VALEANT PHARMS NORTH",False,False,AP,NULL,NULL,NULL
12095,N,"PHARMACIA AND UPJOHN",False,False,AP,2,P,NULL
12097,N,"DELCOR ASSET CORP",False,False,AP,3,S,NULL
12102,N,3M,False,False,AP,3,S,NULL
12104,N,"RANBAXY LABS LTD",False,False,AP,3,S,NULL
12111,N,ALCON,False,False,AP,1,S,NULL
12122,N,LILLY,False,False,AP,1,P,NULL
12125,N,"EASTMAN KODAK",False,False,AP,4,P,NULL
12126,N,3M,False,False,AP,14,S,NULL
12128,N,PFIZER,False,False,AP,1,S,NULL
12141,N,"BAXTER HLTHCARE",False,False,AP,1,P,NULL
12142,N,"BAXTER HLTHCARE",False,False,AP,2,P,NULL
12145,N,APOTHECON,False,False,AP,3,S,NULL
12148,N,ABBVIE,False,False,AP,4,S,NULL
12151,N,"GD SEARLE LLC",False,False,AP,1,P,NULL
12154,N,HOSPIRA,False,False,AP,3,S,NULL
12155,N,SCHERING,False,False,AP,5,S,NULL
12157,N,MEDICIS,False,False,AP,2,S,NULL
12164,N,APOTHECON,False,False,AP,3,S,NULL
12179,N,"HI TECH PHARMA",False,False,AP,4,S,NULL
12184,N,"PARKE DAVIS",False,False,AP,2,S,NULL
12193,N,NOVARTIS,False,False,AP,4,S,NULL
12209,N,"SPECTRUM PHARMS",False,False,AP,1,P,V
12223,N,"TELIGENT PHARMA INC",False,False,AP,5,S,NULL
12248,N,"WYETH AYERST",False,False,AP,1,S,NULL
12249,N,"VALEANT PHARM INTL",False,False,AP,1,P,NULL
12250,N,HOSPIRA,False,False,AP,3,P,NULL
12254,N,SCHERING,False,False,AP,1,S,NULL
12259,N,"PHARMACIA AND UPJOHN",False,False,AP,1,S,NULL
12265,N,SCHERING,False,False,AP,1,S,NULL
12281,N,"ROBINS AH",False,False,AP,4,S,NULL
12283,N,"SANOFI AVENTIS US",False,False,AP,1,P,NULL
12285,N,RTRX,False,False,AP,1,P,NULL
12301,N,"VALEANT PHARMS LLC",False,False,AP,3,S,NULL
12302,N,ABBVIE,False,False,AP,2,P,NULL
12329,N,NOVARTIS,False,False,AP,1,P,NULL
12339,N,"SANOFI AVENTIS US",False,False,AP,1,S,NULL
12342,N,"CONCORDIA PHARMS INC",False,False,AP,1,P,NULL
12359,N,SHIRE,False,False,AP,4,S,NULL
12365,N,"MEDA PHARMS",False,False,AP,4,S,NULL
12366,N,"MEDA PHARMS",False,False,AP,4,S,NULL
12376,N,MERCK,False,False,AP,3,S,NULL
12380,N,"PARKE DAVIS",False,False,AP,1,P,NULL
12382,N,"EUROHLTH INTL SARL",False,False,AP,1,S,NULL
12383,N,MERCK,False,False,AP,4,S,NULL
12394,N,SCHERING,False,False,AP,24,S,NULL
12402,N,"PROCTER AND GAMBLE",False,False,AP,2,S,NULL
12418,N,ABBVIE,False,False,AP,2,S,NULL
12419,N,SCHERING,False,False,AP,3,S,NULL
12421,N,"PHARMACIA AND UPJOHN",False,False,AP,3,S,NULL
12427,N,"PHARMACIA AND UPJOHN",False,False,AP,1,S,NULL
12429,N,"ASPEN GLOBAL INC",False,False,AP,1,P,NULL
12455,N,"WYETH AYERST",False,False,AP,5,S,NULL
12462,N,"GD SEARLE LLC",False,False,AP,4,P,NULL
12470,N,SCHERING,False,False,AP,2,S,NULL
12485,N,"PARKE DAVIS",False,False,AP,3,S,NULL
12486,N,ROCHE,False,False,AP,1,S,NULL
12487,N,ROCHE,False,False,AP,3,S,NULL
12489,N,"AH ROBINS INC",False,False,AP,5,S,NULL
12515,N,"DELCOR ASSET CORP",False,False,AP,5,S,NULL
12516,N,NOVARTIS,False,False,AP,1,P,NULL
12524,N,ABBVIE,False,False,AP,1,S,NULL
12541,N,"PHARMACIA AND UPJOHN",False,False,AP,5,S,NULL
12542,N,NOVARTIS,False,False,AP,1,S,NULL
12546,N,"ACTAVIS LABS UT INC",False,False,AP,2,S,NULL
12575,N,GLAXOSMITHKLINE,False,False,AP,4,S,NULL
12583,N,ALLERGAN,False,False,AP,3,P,NULL
12594,N,"SANOFI AVENTIS US",False,False,AP,5,S,NULL
12616,N,"GD SEARLE LLC",False,False,AP,NULL,NULL,NULL
12623,N,"GD SEARLE LLC",False,False,AP,1,P,NULL
12649,N,MERCK,False,False,AP,1,S,NULL
12657,N,SCHERING,False,False,AP,1,S,NULL
12665,N,LILLY,False,False,AP,1,P,NULL
12674,N,"ORGANON USA INC",False,False,AP,5,S,NULL
12675,N,"ORGANON USA INC",False,False,AP,5,S,NULL
12678,N,SANDOZ,False,False,AP,5,S,NULL
12697,N,"VALEANT PHARM INTL",False,False,AP,1,S,NULL
12699,N,"GD SEARLE LLC",False,False,AP,3,P,NULL
12703,N,ASTRAZENECA,False,False,AP,1,P,NULL
12704,N,ASTRAZENECA,False,False,AP,3,S,NULL
12708,N,"MEDPOINTE PHARM HLC",False,False,AP,NULL,NULL,NULL
12715,N,ROCHE,False,False,AP,1,S,NULL
12728,N,"ORTHO MCNEIL PHARM",False,False,AP,4,S,NULL
12731,N,MERCK,False,False,AP,3,S,NULL
12737,N,SANDOZ,False,False,AP,2,S,NULL
12750,N,"VALEANT PHARMS",False,False,AP,4,S,NULL
12753,N,NOVARTIS,False,False,AP,1,S,NULL
12754,N,NOVARTIS,False,False,AP,3,S,NULL
12768,N,"WYETH AYERST",False,False,AP,1,S,NULL
12770,N,"HI TECH PHARMA",False,False,AP,4,S,NULL
12772,N,LILLY,False,False,AP,1,S,NULL
12775,N,ABBOTT,False,False,AP,4,S,NULL
12787,N,"MEDIMETRIKS PHARMS",False,False,AP,1,P,NULL
12796,N,"WYETH PHARMS INC",False,False,AP,3,P,NULL
12802,N,SANDOZ,False,False,AP,5,S,NULL
12806,N,"AQUA PHARMS",False,False,AP,1,S,NULL
12813,N,ALLERGAN,False,False,AP,4,S,NULL
12827,N,"CASPER PHARMA LLC",False,False,AP,1,S,NULL
12828,N,ABBOTT,False,False,AP,1,P,NULL
12836,N,"BOEHRINGER INGELHEIM",False,False,AP,1,S,NULL
12845,N,PFIZER,False,False,AP,1,S,NULL
12882,N,"WYETH AYERST",False,False,AP,3,S,NULL
12885,N,"LUNDBECK INC",False,False,AP,1,S,NULL
12892,N,SHIRE,False,False,AP,1,P,NULL
12911,N,"HRA PHARMA",False,False,AP,1,P,NULL
12928,N,LILLY,False,False,AP,3,S,NULL
12936,N,LILLY,False,False,AP,1,P,NULL
12940,N,BIOVAIL,False,False,AP,NULL,NULL,NULL
12945,N,"TEVA BRANDED PHARM",False,False,AP,NULL,NULL,NULL
12947,N,LEDERLE,False,False,AP,3,S,NULL
12967,N,BRACCO,False,False,AP,1,P,NULL
12968,N,BRACCO,False,False,AP,2,P,NULL
12972,N,"SANOFI AVENTIS US",False,False,AP,4,S,NULL
13025,N,HOSPIRA,False,False,AP,14,P,NULL
13026,N,"WYETH PHARMS INC",False,False,AP,1,P,NULL
13055,N,"IGI LABS INC",False,False,AP,3,P,NULL
13056,N,ABBOTT,False,False,AP,1,P,NULL
13077,N,ASTRAZENECA,False,False,AP,4,S,NULL
13092,N,"PURDUE FREDERICK",False,False,AP,1,S,NULL
13093,N,"PHARM RES ASSOC",False,False,AP,3,S,NULL
13132,N,"ASPEN GLOBAL INC",False,False,AP,2,S,NULL
13157,N,LILLY,False,False,AP,1,S,NULL
13174,N,"CONCORDIA PHARMS INC",False,False,AP,1,P,NULL
13217,N,"KING PHARMS",False,False,AP,1,S,NULL
13220,N,MERCK,False,False,AP,3,S,NULL
13247,N,NOVARTIS,False,False,AP,3,S,NULL
13263,N,ROCHE,False,False,AP,1,S,NULL
13264,N,LEDERLE,False,False,AP,1,S,NULL
13294,N,ROCHE,False,False,AP,4,S,NULL
13295,N,LIEBEL-FLARSHEIM,False,False,AP,1,P,NULL
13296,N,3M,False,False,AP,4,S,NULL
13319,N,MALLINCKRODT,False,False,AP,2,S,NULL
13334,N,MERCK,False,False,AP,4,S,NULL
13378,N,LILLY,False,False,AP,1,P,NULL
13400,N,MERCK,False,False,AP,1,P,NULL
13401,N,MERCK,False,False,AP,2,P,NULL
13402,N,MERCK,False,False,AP,4,S,NULL
13413,N,"UCB INC",False,False,AP,3,S,NULL
13416,N,MEDICIS,False,False,AP,4,S,NULL
13420,N,NOVARTIS,False,False,AP,1,S,NULL
13422,N,ALCON,False,False,AP,3,S,NULL
13428,N,"ENDO PHARMS",False,False,AP,3,S,NULL
13448,N,ABBOTT,False,False,AP,1,S,NULL
13483,N,"SCHERING PLOUGH",False,False,AP,3,S,NULL
13538,N,MERCK,False,False,AP,3,S,NULL
13553,N,NOVARTIS,False,False,AP,4,S,NULL
13601,N,APOTHECON,False,False,AP,1,P,V
13615,N,"DOW PHARM",False,False,AP,1,S,NULL
13621,N,"SANOFI AVENTIS US",False,False,AP,5,S,NULL
13625,N,"ACTAVIS LABS UT INC",False,False,AP,5,S,NULL
13636,N,PFIZER,False,False,AP,4,S,NULL
13664,N,ROCHE,False,False,AP,5,S,NULL
13684,N,"BAXTER HLTHCARE",False,False,AP,5,S,NULL
13718,N,"GEMINI LABS LLC",False,False,AP,1,S,NULL
13731,N,"GE HEALTHCARE",False,False,AP,1,S,NULL
13790,N,"AQUA PHARMS",False,False,AP,3,S,NULL
13927,N,LEDERLE,False,False,AP,4,S,NULL
13934,N,GLAXOSMITHKLINE,False,False,AP,5,S,NULL
13935,N,ALLERGAN,False,False,AP,1,P,NULL
13960,N,"MEDIMETRIKS PHARMS",False,False,AP,3,S,NULL
13993,N,BRACCO,False,False,AP,5,S,NULL
14005,N,"ORGANON USA INC",False,False,AP,1,S,NULL
14006,N,"ORGANON USA INC",False,False,AP,3,S,NULL
14103,N,LILLY,False,False,AP,1,P,NULL
14122,N,"WYETH AYERST",False,False,AP,3,P,NULL
14127,N,ASTRAZENECA,False,False,AP,3,P,NULL
14134,N,"BAXTER HLTHCARE CORP",False,False,AP,1,P,NULL
14169,N,ALCON,False,False,AP,5,S,NULL
14173,N,"WYETH AYERST",False,False,AP,3,S,NULL
14214,N,"SANOFI AVENTIS US",False,False,AP,1,P,NULL
14215,N,"MERCK SHARP DOHME",False,False,AP,3,S,NULL
14217,N,"PHARMACIA AND UPJOHN",False,False,AP,2,S,NULL
14242,N,"UCB INC",False,False,AP,5,S,NULL
14295,N,MALLINCKRODT,False,False,AP,5,S,NULL
14322,N,"IMPAX LABS",False,False,AP,5,S,NULL
14349,N,"PERSONAL PRODS",False,False,AP,3,S,NULL
14359,N,HALSEY,False,False,AP,5,S,NULL
14368,N,"MK LABS",False,False,AP,5,S,NULL
14394,N,ASTRAZENECA,False,False,AP,3,S,NULL
14399,N,"US PHARM HOLDINGS",False,False,AP,2,S,NULL
14474,N,"STANLABS PHARM",False,False,AP,NULL,NULL,NULL
14547,N,SANDOZ,False,False,AP,5,S,NULL
14601,N,"PVT FORM",False,False,AP,5,S,NULL
14602,N,"MERCK SHARP DOHME",False,False,AP,1,S,NULL
14684,N,LILLY,False,False,AP,1,S,NULL
14685,N,RANBAXY,False,False,AP,3,S,NULL
14691,N,"APOTEX INC",False,False,AP,1,P,NULL
14694,N,"ORGANON USA INC",False,False,AP,2,S,NULL
14696,N,"PARKE DAVIS",False,False,AP,1,S,NULL
14713,N,SCHERING,False,False,AP,5,S,NULL
14715,N,"NEW RIVER",False,False,AP,4,S,NULL
14738,N,"B BRAUN",False,False,AP,5,S,NULL
14740,N,ROCHE,False,False,AP,4,S,NULL
14762,N,SCHERING,False,False,AP,3,S,NULL
14763,N,ASTRAZENECA,False,False,AP,1,P,NULL
14764,N,"ROBINS AH",False,False,AP,3,S,NULL
14860,N,"SANOFI AVENTIS US",False,False,AP,4,P,NULL
14879,N,"EUROHLTH INTL SARL",False,False,AP,1,S,NULL
14882,N,LANNETT,False,False,AP,5,S,NULL
14901,N,APOTHECON,False,False,AP,5,S,NULL
15034,N,"SHIONOGI INC",False,False,AP,1,S,NULL
15072,N,MALLARD,False,False,AP,5,S,NULL
15103,N,"SANOFI AVENTIS US",False,False,AP,4,S,NULL
15139,N,"VALEANT PHARM INTL",False,False,AP,5,S,NULL
15193,N,"VALEANT PHARMS",False,False,AP,3,S,NULL
15197,N,"CLOVER PHARMS",False,False,AP,1,P,NULL
15229,N,"CLOVER PHARMS",False,False,AP,3,P,NULL
15230,N,"CLOVER PHARMS",False,False,AP,3,P,NULL
15296,N,"MEDIMETRIKS PHARMS",False,False,AP,3,S,NULL
15417,N,"WEST WARD",False,False,AP,5,S,NULL
15419,N,BRACCO,False,False,AP,5,S,NULL
15426,N,"ELKINS SINN",False,False,AP,5,S,NULL
15438,N,"IVAX SUB TEVA PHARMS",False,False,AP,5,S,NULL
15500,N,"PHARMACIA AND UPJOHN",False,False,AP,1,P,NULL
15539,N,"ALPHARMA US PHARMS",False,False,AP,1,S,NULL
15865,N,IMMUNEX,False,False,AP,1,P,NULL
15868,N,GLAXOSMITHKLINE,False,False,AP,3,S,NULL
15874,N,"BOEHRINGER INGELHEIM",False,False,AP,3,P,NULL
15921,N,"ORTHO MCNEIL",False,False,AP,1,P,NULL
15922,N,"ORTHO MCNEIL",False,False,AP,3,P,NULL
15923,N,"JANSSEN PHARMS",False,False,AP,3,S,NULL
16000,N,"BAYER HLTHCARE",False,False,AP,1,S,NULL
16001,N,SOLVAY,False,False,AP,5,S,NULL
16008,N,SCHERING,False,False,AP,3,S,NULL
16012,N,"TEVA WOMENS",False,False,AP,1,S,NULL
16016,N,MERCK,False,False,AP,4,S,NULL
16020,N,"ENDO PHARMS",False,False,AP,1,P,NULL
16023,N,"ENDO PHARMS",False,False,AP,3,P,NULL
16029,N,"GD SEARLE LLC",False,False,AP,14,S,NULL
16030,N,BAYER,False,False,AP,3,S,NULL
16033,N,GLAXOSMITHKLINE,False,False,AP,1,S,NULL
16042,N,"GLAXOSMITHKLINE LLC",False,False,AP,4,S,NULL
16047,N,ABBOTT,False,False,AP,4,S,NULL
16049,N,"AKORN MFG",False,False,AP,14,P,NULL
16053,N,SCHERING,False,False,AP,1,S,NULL
16059,N,"IROKO PHARMS LLC",False,False,AP,1,P,NULL
16069,N,TEVA,False,False,AP,5,S,NULL
16080,N,"B BRAUN",False,False,AP,5,S,NULL
16084,N,"SEBELA IRELAND LTD",False,False,AP,1,P,NULL
16087,N,ROCHE,False,False,AP,3,S,NULL
16089,N,BRACCO,False,False,AP,5,S,NULL
16090,N,BRACCO,False,False,AP,5,S,NULL
16092,N,ATON,False,False,AP,1,S,NULL
16093,N,ATON,False,False,AP,2,S,NULL
16096,N,"MERCK SHARP DOHME",False,False,AP,1,P,NULL
16097,N,"MERCK SHARP DOHME",False,False,AP,3,S,NULL
16099,N,"WYETH AYERST",False,False,AP,1,P,NULL
16110,N,APOTHECON,False,False,AP,2,P,NULL
16118,N,"BRISTOL MYERS SQUIBB",False,False,AP,3,S,NULL
16119,N,"BRISTOL MYERS SQUIBB",False,False,AP,1,S,NULL
16126,N,"WYETH CONS",False,False,AP,5,S,NULL
16131,N,"SANOFI AVENTIS US",False,False,AP,1,P,NULL
16144,N,ALLERGAN,False,False,AP,5,S,NULL
16149,N,ROCHE,False,False,AP,3,S,NULL
16151,N,"CNTY LINE PHARMS",False,False,AP,2,S,NULL
16161,N,"MEDIMETRIKS PHARMS",False,False,AP,5,S,NULL
16191,N,ASTRAZENECA,False,False,AP,5,S,NULL
16192,N,ASTRAZENECA,False,False,AP,5,S,NULL
16194,N,HOSPIRA,False,False,AP,1,P,NULL
16199,N,"ANI PHARMS",False,False,AP,3,P,NULL
16211,N,NOVARTIS,False,False,AP,1,S,NULL
16224,N,BRACCO,False,False,AP,1,P,NULL
16235,N,"SANOFI AVENTIS US",False,False,AP,5,S,NULL
16245,N,ABBOTT,False,False,AP,1,P,NULL
16249,N,SOLVAY,False,False,AP,5,S,NULL
16267,N,NOVARTIS,False,False,AP,1,P,NULL
16269,N,HOSPIRA,False,False,AP,5,S,NULL
16273,N,"US PHARM HOLDINGS",False,False,AP,1,P,NULL
16295,N,"BRISTOL MYERS SQUIBB",False,False,AP,1,P,NULL
16297,N,"FRESENIUS KABI USA",False,False,AP,3,P,NULL
16320,N,"STI PHARMA LLC",False,False,AP,1,P,NULL
16322,N,SCHERING,False,False,AP,2,S,NULL
16324,N,"SEBELA IRELAND LTD",False,False,AP,1,P,NULL
16363,N,"SANOFI AVENTIS US",False,False,AP,3,P,NULL
16366,N,HOSPIRA,False,False,AP,5,S,NULL
16367,N,HOSPIRA,False,False,AP,5,S,NULL
16379,N,NOVARTIS,False,False,AP,1,S,NULL
16401,N,POLYMEDICA,False,False,AP,3,S,NULL
16402,N,"BOEHRINGER INGELHEIM",False,False,AP,1,P,NULL
16403,N,"GE HEALTHCARE",False,False,AP,3,P,NULL
16418,N,"WYETH PHARMS INC",False,False,AP,1,P,NULL
16419,N,"BAXTER HLTHCARE CORP",False,False,AP,3,P,NULL
16455,N,"ALLERGAN SALES LLC",False,False,AP,3,S,NULL
16466,N,SANDOZ,False,False,AP,2,S,NULL
16472,N,MILES,False,False,AP,5,S,NULL
16515,N,"MALLINKRODT NUCLEAR",False,False,AP,5,S,NULL
16517,N,"MALLINKRODT NUCLEAR",False,False,AP,5,S,NULL
16584,N,PFIZER,False,False,AP,1,S,NULL
16608,N,NOVARTIS,False,False,AP,1,P,NULL
16619,N,AKORN,False,False,AP,3,P,NULL
16620,N,"ALVOGEN MALTA",False,False,AP,3,S,NULL
16624,N,ALLERGAN,False,False,AP,1,S,NULL
16635,N,MALLINCKRODT,False,False,AP,5,S,NULL
16636,N,ADAPT,False,False,AP,1,P,NULL
16640,N,"BRISTOL MYERS",False,False,AP,3,S,NULL
16647,N,"BAYER HLTHCARE",False,False,AP,3,S,NULL
16649,N,"PHARMACIA AND UPJOHN",False,False,AP,5,S,NULL
16659,N,"ACTAVIS LABS UT INC",False,False,AP,3,P,NULL
16666,N,MALLINCKRODT,False,False,AP,5,S,NULL
16672,N,"WYETH PHARMS",False,False,AP,14,P,NULL
16673,N,"BAXTER HLTHCARE",False,False,AP,5,S,NULL
16675,N,MERCK,False,False,AP,2,S,NULL
16677,N,"BAXTER HLTHCARE",False,False,AP,5,S,NULL
16678,N,"BAXTER HLTHCARE",False,False,AP,5,S,NULL
16679,N,"BAXTER HLTHCARE",False,False,AP,5,S,NULL
16680,N,"PARKE DAVIS",False,False,AP,24,S,NULL
16682,N,"BAXTER HLTHCARE",False,False,AP,5,S,NULL
16683,N,"BAXTER HLTHCARE",False,False,AP,5,S,NULL
16687,N,"BAXTER HLTHCARE",False,False,AP,5,S,NULL
16689,N,"BAXTER HLTHCARE",False,False,AP,5,S,NULL
16692,N,"BAXTER HLTHCARE",False,False,AP,5,S,NULL
16693,N,"BAXTER HLTHCARE",False,False,AP,5,S,NULL
16694,N,"BAXTER HLTHCARE",False,False,AP,5,S,NULL
16695,N,"BAXTER HLTHCARE",False,False,AP,5,S,NULL
16696,N,"BAXTER HLTHCARE",False,False,AP,5,S,NULL
16697,N,"BAXTER HLTHCARE",False,False,AP,5,S,NULL
16704,N,"B BRAUN",False,False,AP,5,S,NULL
16705,N,"GD SEARLE LLC",False,False,AP,3,S,NULL
16708,N,"MALLINKRODT NUCLEAR",False,False,AP,5,S,NULL
16709,N,"ORTHO MCNEIL JANSSEN",False,False,AP,3,S,NULL
16715,N,"ORTHO MCNEIL PHARM",False,False,AP,3,S,NULL
16717,N,"BAXTER HLTHCARE",False,False,AP,5,S,NULL
16721,N,"VALEANT PHARM INTL",False,False,AP,1,P,NULL
16723,N,"PARKE DAVIS",False,False,AP,5,S,NULL
16724,N,"GD SEARLE LLC",False,False,AP,5,S,NULL
16725,N,"GD SEARLE LLC",False,False,AP,5,S,NULL
16727,N,"BRISTOL MYERS SQUIBB",False,False,AP,2,S,NULL
16729,N,MALLINCKRODT,False,False,AP,1,P,NULL
16730,N,"B BRAUN",False,False,AP,5,S,NULL
16732,N,"SANOFI AVENTIS US",False,False,AP,2,P,NULL
16733,N,"B BRAUN",False,False,AP,5,S,NULL
16734,N,"B BRAUN",False,False,AP,5,S,NULL
16740,N,SCHERING,False,False,AP,3,S,NULL
16741,N,"B BRAUN",False,False,AP,5,S,NULL
16749,N,"PARKE DAVIS",False,False,AP,3,S,NULL
16750,N,"AMPHASTAR PHARMS INC",False,False,AP,1,S,NULL
16755,N,NOVARTIS,False,False,AP,1,P,NULL
16758,N,PFIZER,False,False,AP,2,S,NULL
16762,N,"AKRIMAX PHARMS",False,False,AP,5,S,NULL
16763,N,"MYLAN INSTITUTIONAL",False,False,AP,2,P,V
16765,N,ELORAC,False,False,AP,3,S,NULL
16766,N,"PARKE DAVIS",False,False,AP,3,S,NULL
16768,N,"PARKE DAVIS",False,False,AP,1,S,NULL
16769,N,"ORTHO MCNEIL JANSSEN",False,False,AP,1,S,NULL
16772,N,"B BRAUN",False,False,AP,5,S,NULL
16774,N,NOVARTIS,False,False,AP,1,S,NULL
16775,N,NOVARTIS,False,False,AP,3,S,NULL
16776,N,ASTRAZENECA,False,False,AP,3,S,NULL
16782,N,SOLVAY,False,False,AP,1,P,NULL
16783,N,MALLINCKRODT,False,False,AP,4,S,NULL
16784,N,"B BRAUN",False,False,AP,5,S,NULL
16785,N,"SIGMA TAU",False,False,AP,1,P,NULL
16792,N,"ODYSSEY PHARMS",False,False,AP,1,S,NULL
16793,N,"TEVA PARENTERAL",False,False,AP,1,P,NULL
16796,N,"AKORN INC",False,False,AP,3,S,NULL
16798,N,PFIZER,False,False,AP,1,S,NULL
16801,N,"FRESENIUS KABI USA",False,False,AP,5,S,NULL
16803,N,STERLING,False,False,AP,3,S,NULL
16806,N,"WYETH PHARMS",False,False,AP,3,S,NULL
16807,N,"FOREST LABS",False,False,AP,5,S,NULL
16809,N,"SANOFI AVENTIS US",False,False,AP,1,S,NULL
16812,N,"PAR STERILE PRODUCTS",False,False,AP,1,P,NULL
16813,N,FISONS,False,False,AP,3,S,NULL
16814,N,ABBOTT,False,False,AP,5,S,NULL
16818,N,ROERIG,False,False,AP,3,S,NULL
16820,N,PFIZER,False,False,AP,1,S,NULL
16822,N,"B BRAUN",False,False,AP,4,P,NULL
16829,N,"AAIPHARMA LLC",False,False,AP,4,S,NULL
16830,N,"SANOFI AVENTIS US",False,False,AP,3,S,NULL
16831,N,"VALEANT PHARM INTL",False,False,AP,3,S,NULL
16832,N,ABBOTT,False,False,AP,1,P,NULL
16834,N,PFIZER,False,False,AP,3,S,NULL
16844,N,"AAIPHARMA LLC",False,False,AP,4,S,NULL
16847,N,"GE HEALTHCARE",False,False,AP,24,S,NULL
16848,N,"MEDA PHARMS",False,False,AP,5,S,NULL
16851,N,ALLERGAN,False,False,AP,3,S,NULL
16852,N,"PARKE DAVIS",False,False,AP,3,S,NULL
16854,N,"PARKE DAVIS",False,False,AP,3,S,NULL
16860,N,"NOVEN THERAP",False,False,AP,5,S,NULL
16861,N,"AAIPHARMA LLC",False,False,AP,3,S,NULL
16862,N,"XANODYNE PHARM",False,False,AP,3,S,NULL
16863,N,"AAIPHARMA LLC",False,False,AP,3,S,NULL
16885,N,"BRISTOL MYERS SQUIBB",False,False,AP,1,P,NULL
16891,N,"SANOFI AVENTIS US",False,False,AP,4,S,NULL
16904,N,PFIZER,False,False,AP,2,S,NULL
16908,N,"CNTY LINE PHARMS",False,False,AP,1,S,NULL
16909,N,"CNTY LINE PHARMS",False,False,AP,3,S,NULL
16911,N,"BRISTOL MYERS SQUIBB",False,False,AP,5,S,NULL
16912,N,ROCHE,False,False,AP,1,P,NULL
16913,N,SHIRE,False,False,AP,5,S,NULL
16921,N,"VALEANT INTL",False,False,AP,1,P,NULL
16923,N,BRACCO,False,False,AP,5,S,NULL
16927,N,"GD SEARLE LLC",False,False,AP,4,S,NULL
16928,N,HEATHER,False,False,AP,5,S,NULL
16929,N,HOSPIRA,False,False,AP,1,P,NULL
16931,N,"PHARMACIA AND UPJOHN",False,False,AP,5,P,NULL
16932,N,SCHERING,False,False,AP,3,S,NULL
16936,N,"GD SEARLE LLC",False,False,AP,3,S,NULL
16938,N,CIBA,False,False,AP,3,S,NULL
16942,N,"WESTWOOD SQUIBB",False,False,AP,1,P,NULL
16943,N,"WESTWOOD SQUIBB",False,False,AP,3,P,NULL
16948,N,"VALEANT PHARM INTL",False,False,AP,5,S,NULL
16949,N,"HERITAGE PHARMS INC",False,False,AP,4,S,NULL
16954,N,"JANSSEN PHARMS",False,False,AP,3,S,NULL
16964,N,HOSPIRA,False,False,AP,1,P,NULL
16968,N,ALCON,False,False,AP,1,P,NULL
16979,N,"BRISTOL MYERS SQUIBB",False,False,AP,1,S,NULL
16980,N,SOLVAY,False,False,AP,5,S,NULL
16983,N,LIEBEL-FLARSHEIM,False,False,AP,5,S,NULL
16987,N,"NEW RIVER",False,False,AP,5,S,NULL
16988,N,"AQUA PHARMS",False,False,AP,5,S,NULL
16990,N,"SANOFI AVENTIS US",False,False,AP,1,P,NULL
16996,N,SCHERING,False,False,AP,1,P,NULL
16997,N,NOVARTIS,False,False,AP,3,S,NULL
16998,N,"PARKE DAVIS",False,False,AP,3,S,NULL
17001,N,VALEANT,False,False,AP,1,P,NULL
17007,N,"EUROHLTH INTL SARL",False,False,AP,3,P,NULL
17010,N,"PERRIGO NEW YORK",False,False,AP,1,S,NULL
17011,N,ALLERGAN,False,False,AP,5,S,NULL
17013,N,ABBOTT,False,False,AP,5,S,NULL
17015,N,"ORGANON USA INC",False,False,AP,1,P,NULL
17016,N,FERRING,False,False,AP,5,S,NULL
17020,N,ABBOTT,False,False,AP,5,S,NULL
17027,N,3M,False,False,AP,5,S,NULL
17029,N,"FRESENIUS KABI USA",False,False,AP,5,S,NULL
17031,N,"LABORATOIRE HRA",False,False,AP,3,S,NULL
17033,N,"ABRAXIS PHARM",False,False,AP,5,S,NULL
17036,N,"BAXTER HLTHCARE",False,False,AP,5,S,NULL
17037,N,"EUROHLTH INTL SARL",False,False,AP,5,S,NULL
17038,N,"B BRAUN",False,False,AP,5,S,NULL
17042,N,"GE HEALTHCARE",False,False,AP,1,P,NULL
17045,N,BRACCO,False,False,AP,5,S,NULL
17046,N,"SAVAGE LABS",False,False,AP,4,S,NULL
17047,N,BRACCO,False,False,AP,1,P,NULL
17048,N,"WYETH AYERST",False,False,AP,1,P,NULL
17054,N,"BEL MAR",False,False,AP,5,S,NULL
17055,N,FERRING,False,False,AP,5,S,NULL
17056,N,"BRISTOL MYERS SQUIBB",False,False,AP,NULL,NULL,NULL
17057,N,LIEBEL-FLARSHEIM,False,False,AP,3,S,NULL
17058,N,ROXANE,False,False,AP,5,S,NULL
17059,N,MALLINCKRODT,False,False,AP,5,S,NULL
17060,N,APIL,False,False,AP,3,S,NULL
17063,N,ALCON,False,False,AP,2,S,NULL
17064,N,"WATSON LABS",False,False,AP,5,S,NULL
17067,N,"FRESENIUS KABI USA",False,False,AP,5,S,NULL
17078,N,"AMEDRA PHARMS",False,False,AP,5,S,NULL
17079,N,"ORTHO MCNEIL PHARM",False,False,AP,3,S,NULL
17084,N,"MALLINKRODT NUCLEAR",False,False,AP,5,S,NULL
17087,N,"BAXTER HLTHCARE",False,False,AP,1,S,NULL
17090,N,"MALLINCKRODT INC",False,False,AP,2,S,NULL
17098,N,MALLINCKRODT,False,False,AP,5,S,NULL
17100,N,ALLERGAN,False,False,AP,3,S,NULL
17105,N,"RECORDATI RARE",False,False,AP,1,S,NULL
17106,N,"MERIDIAN MEDCL TECHN",False,False,AP,5,P,NULL
17108,N,SANDOZ,False,False,AP,3,S,NULL
17109,N,ROXANE,False,False,AP,5,S,NULL
17111,N,"ENDO PHARMS",False,False,AP,1,S,NULL
17116,N,MALLINCKRODT,False,False,AP,3,S,NULL
17118,N,"ENDO PHARMS",False,False,AP,6,P,NULL
17122,N,"XANODYNE PHARM",False,False,AP,4,S,NULL
17129,N,MALLINCKRODT,False,False,AP,1,S,NULL
17130,N,"CHAMBERLIN PARENTERL",False,False,AP,5,S,NULL
17243,N,"MALLINKRODT NUCLEAR",False,False,AP,5,S,NULL
17244,N,"PARKE DAVIS",False,False,AP,2,S,NULL
17247,N,NOVARTIS,False,False,AP,1,S,NULL
17255,N,"GE HEALTHCARE",False,False,AP,5,S,NULL
17256,N,"GE HEALTHCARE",False,False,AP,5,S,NULL
17257,N,"GE HEALTHCARE",False,False,AP,5,S,NULL
17262,N,MALLINCKRODT,False,False,AP,1,P,NULL
17264,N,"GE HEALTHCARE",False,False,AP,5,S,NULL
17269,N,BRACCO,False,False,AP,5,S,NULL
17279,N,ISOTEX,False,False,AP,5,S,NULL
17283,N,"LANTHEUS MEDCL",False,False,AP,5,S,NULL
17284,N,"LANTHEUS MEDCL",False,False,AP,5,S,NULL
17313,N,PHARMALUCENCE,False,False,AP,5,S,NULL
17315,N,CIS,False,False,AP,5,S,NULL
17316,N,CIS,False,False,AP,5,S,NULL
17318,N,SORIN,False,False,AP,5,S,NULL
17321,N,PHARMALUCENCE,False,False,AP,5,S,NULL
17322,N,PHARMALUCENCE,False,False,AP,5,S,NULL
17339,N,BRACCO,False,False,AP,5,S,NULL
17340,N,"VALEANT PHARMS NORTH",False,False,AP,3,S,NULL
17343,N,"SHERWOOD MEDCL",False,False,AP,5,S,NULL
17346,N,"PARKE DAVIS",False,False,AP,5,S,NULL
17351,N,"MEDA PHARMS",False,False,AP,3,S,NULL
